{
  "general_info": {
    "vendor": "PHN",
    "no": "SMV/40000123",
    "sub-total": "25,531.00",
    "total": "25,531.00",
    "tax-amount": "null",
    "tax-rate": "10%"
  },
  "table": [
    {
      "no": "1",
      "description": "PW937161 Side Reinf Beam Assy LH",
      "unit": "null",
      "quantity": "3",
      "unit_price": "243.47",
      "amount": "730.41"
    },
    {
      "no": "2",
      "description": "PW937162 Side Reinf Beam Assy RH",
      "unit": "null",
      "quantity": "3",
      "unit_price": "294.08",
      "amount": "882.24"
    },
    {
      "no": "3",
      "description": "PW937163 D Pillar Guide Water Board L",
      "unit": "null",
      "quantity": "3",
      "unit_price": "68.83",
      "amount": "206.49"
    },
    {
      "no": "4",
      "description": "PW937164 D Pillar Guide Water Board RH",
      "unit": "null",
      "quantity": "3",
      "unit_price": "71.29",
      "amount": "213.87"
    },
    {
      "no": "5",
      "description": "PW937159 Plate Sub Assy Body Inner LH",
      "unit": "null",
      "quantity": "3",
      "unit_price": "150.89",
      "amount": "452.67"
    },
    {
      "no": "6",
      "description": "PW937160 Plate Sub Assy Body Inner RH",
      "unit": "null",
      "quantity": "3",
      "unit_price": "147.33",
      "amount": "441.99"
    },
    {
      "no": "7",
      "description": "PW937166 UNDERBODY ASSY",
      "unit": "null",
      "quantity": "3",
      "unit_price": "3062.03",
      "amount": "9,186.09"
    },
    {
      "no": "8",
      "description": "PW937157 Plate Sub Assy Body Inner LH",
      "unit": "null",
      "quantity": "4",
      "unit_price": "148.52",
      "amount": "594.08"
    },
    {
      "no": "9",
      "description": "PW937158 Plate Sub Assy Body Inner RH",
      "unit": "null",
      "quantity": "4",
      "unit_price": "145.81",
      "amount": "583.24"
    },
    {
      "no": "10",
      "description": "PW937165 UNDERBODY ASSY (F/SHIP)",
      "unit": "null",
      "quantity": "4",
      "unit_price": "3059.98",
      "amount": "12,239.92"
    }
  ]
}